country_name,country_code,year,government_expenditure_on_education_as_percent_of_gdp_percent,gross_enrolment_ratio_primary_female_percent,gross_enrolment_ratio_primary_gender_parity_index_gpi,out_of_school_children_of_primary_school_age_both_sexes_number,literacy_rate_population_25_64_years_adjusted_gender_parity_index_gpia,internet_users_per_100_people,gni_current_us,gdp_per_capita_current_us,na
China,CHN,1970-01-01,NA,NA,NA,NA,NA,NA,92602973434.0726,113.162991554686,NA
China,CHN,1971-01-01,1.38874,NA,NA,NA,NA,NA,99800958648.1436,118.654577785346,NA
China,CHN,1972-01-01,1.60476,NA,NA,NA,NA,NA,113687586299.051,131.883561243868,NA
China,CHN,1973-01-01,1.65082,NA,NA,NA,NA,NA,138544284708.957,157.090374298657,NA
China,CHN,1974-01-01,1.76115,99.70216,0.72504,NA,NA,NA,144182133387.722,160.140093727686,NA
China,CHN,1975-01-01,1.7085,108.96678,0.81674,NA,NA,NA,163431551779.761,178.341819608096,NA
China,CHN,1976-01-01,1.81657,112.53715,0.86461,NA,NA,NA,153940455341.506,165.40554037242,NA
China,CHN,1977-01-01,1.74954,108.30091,0.87092,NA,NA,NA,174938098826.569,185.422832913673,NA
China,CHN,1978-01-01,1.95884,102.53646,0.86635,NA,NA,NA,149540752829.268,156.396388520044,NA
China,CHN,1979-01-01,2.14805,100.32783,0.85181,NA,NA,NA,178280594413.043,183.983152215978,NA
China,CHN,1980-01-01,1.9119,100.7516,0.85178,NA,NA,NA,191149211575,194.804722186836,NA
China,CHN,1981-01-01,1.94881,101.62637,0.84516,NA,NA,NA,195783049099.206,197.071474499102,NA
China,CHN,1982-01-01,2.03448,100.12945,0.82881,NA,0.57491,NA,205361295278.626,203.334919503464,NA
China,CHN,1983-01-01,2.07692,99.63011,0.82138,NA,NA,NA,231563322095.785,225.431928890812,NA
China,CHN,1984-01-01,1.99863,100.62605,0.82546,NA,NA,NA,261221374528.571,250.713969046988,NA
China,CHN,1985-01-01,2.00814,105.4429,0.82843,NA,NA,NA,310328084153.061,294.45884850496,NA
China,CHN,1986-01-01,2.06155,112.17604,0.86127,NA,NA,NA,300735081440.58,281.928120911563,NA
China,CHN,1987-01-01,1.80425,117.41046,0.87372,7476623,NA,NA,272793546177.13,251.811956961329,NA
China,CHN,1988-01-01,1.76418,119.79486,0.88136,5430764,NA,NA,312230327072.016,283.537695240524,NA
China,CHN,1989-01-01,NA,120.76775,0.88975,3770791,NA,NA,347942587323.887,310.8819124049,NA
China,CHN,1990-01-01,NA,120.63996,0.89991,3030952,0.74875,0,361822783694.073,317.884673040928,NA
China,CHN,1991-01-01,NA,118.44505,0.91136,3125562,NA,NA,384152337595.819,333.142145400184,NA
China,CHN,1992-01-01,1.65456,116.66322,0.9223,4127781,NA,NA,427130409854.003,366.460692302073,NA
China,CHN,1993-01-01,1.65785,113.76862,0.9271,5428471,NA,1.6868e-4,443808937181.006,377.389839479958,NA
China,CHN,1994-01-01,1.98571,111.05683,0.9364,7449047,NA,0.001168115,563288670005.917,473.492278718042,NA
China,CHN,1995-01-01,1.84192,108.62555,0.94695,9980293,NA,0.00495471,722773475238.004,609.656679202484,NA
China,CHN,1996-01-01,1.85339,105.64649,0.95738,12155634,NA,0.013081692,851309717503.789,709.413755085039,NA
China,CHN,1997-01-01,NA,103.67685,0.96696,13744570,NA,0.032394861,950600282951.338,781.744164341053,NA
China,CHN,1998-01-01,1.84433,104.37068,0.97475,NA,NA,0.168540297,1012399391554.64,828.580479295681,NA
China,CHN,1999-01-01,1.88804,NA,NA,NA,NA,0.708187957,1079526985271.13,873.28706172579,NA
China,CHN,2000-01-01,NA,NA,NA,NA,0.93496,1.775913207,1196681328408.87,959.372483639691,NA
China,CHN,2001-01-01,NA,111.83423,0.99138,NA,NA,2.639650215,1320222692110.76,1053.10824300452,NA
China,CHN,2002-01-01,NA,NA,NA,NA,NA,4.595704331,1455604866961.46,1148.5082904417,NA
China,CHN,2003-01-01,NA,NA,NA,NA,NA,6.2,1650069477164.43,1288.64325183381,NA
China,CHN,2004-01-01,NA,NA,NA,NA,NA,7.3,1950215394499.08,1508.66809788266,NA
China,CHN,2005-01-01,NA,NA,NA,NA,NA,8.523257003,2269857202066.07,1753.41782925823,NA
China,CHN,2006-01-01,NA,100.56225,0.99198,NA,NA,10.52315262,2746989420528.26,2099.22943460447,NA
China,CHN,2007-01-01,NA,100.07257,0.98819,NA,NA,16,3558383174498.85,2693.96982683485,NA
China,CHN,2008-01-01,NA,99.90914,0.98455,NA,NA,22.6,4622871904097.17,3468.30446324747,NA
China,CHN,2009-01-01,NA,99.12141,0.98351,NA,NA,28.9,5093171238691.92,3832.23595156727,NA
China,CHN,2010-01-01,NA,98.04289,0.98268,NA,0.97066,34.3,6061091827540.88,4550.45359583857,NA
China,CHN,2011-01-01,NA,98.24032,0.98486,NA,NA,38.3,7481123578116.54,5618.13249134962,NA
China,CHN,2012-01-01,NA,99.19531,0.9889,NA,NA,42.30011749,8512412274448.3,6316.91886335683,NA
China,CHN,2013-01-01,NA,99.43689,0.99761,NA,NA,45.8,9492578843732.85,7050.64591988963,NA
China,CHN,2014-01-01,NA,95.83343,1.00072,NA,NA,47.9,10451827977992.6,7651.36604428568,NA
China,CHN,2015-01-01,NA,96.44554,1.00246,NA,NA,50.3,10973753512645.5,8033.38804310679,NA
China,CHN,2016-01-01,NA,98.22966,1.00509,NA,NA,53.2,11092994205734.1,8078.79047437238,NA
China,CHN,2017-01-01,NA,99.90993,1.00948,NA,NA,54.3,12133803337870.6,8759.04157775098,NA
China,CHN,2018-01-01,NA,100.83158,1.01135,NA,0.98536,NA,13556853165009.1,9770.84708783314,NA
China,CHN,2019-01-01,NA,102.56461,1.01172,NA,NA,NA,NA,NA,NA
China,CHN,2020-01-01,NA,NA,NA,NA,NA,NA,NA,NA,NA
United Kingdom,GBR,1970-01-01,NA,NA,NA,NA,NA,NA,141387244300.456,2347.54431773747,NA
United Kingdom,GBR,1971-01-01,5.03205,103.98787,0.99929,101444,NA,NA,159603405694.816,2649.80151387223,NA
United Kingdom,GBR,1972-01-01,5.15938,103.23125,0.99749,152837,NA,NA,183049923076.923,3030.43251411977,NA
United Kingdom,GBR,1973-01-01,5.44861,102.50712,0.998,209010,NA,NA,207757100930.916,3426.27622050378,NA
United Kingdom,GBR,1974-01-01,5.391,102.65958,0.99949,236495,NA,NA,224454531089.294,3665.8627976419,NA
United Kingdom,GBR,1975-01-01,6.26878,102.98632,1.00204,238110,NA,NA,266156498230.089,4299.74561799284,NA
United Kingdom,GBR,1976-01-01,6.42422,103.579,1.00453,228481,NA,NA,256123165498.652,4138.16778761535,NA
United Kingdom,GBR,1977-01-01,6.06335,104.01168,1.00457,206831,NA,NA,285635507587.65,4681.43993173038,NA
United Kingdom,GBR,1978-01-01,NA,104.14881,1.00464,197598,NA,NA,363238272099.712,5976.93816899991,NA
United Kingdom,GBR,1979-01-01,NA,104.3545,1.00438,182608,NA,NA,469839729987.294,7804.76208051155,NA
United Kingdom,GBR,1980-01-01,5.07012,104.55131,1.00462,108955,NA,NA,599380267720.195,10032.062080015,NA
United Kingdom,GBR,1981-01-01,5.28842,104.17443,1.00452,110658,NA,NA,570181099477.492,9599.30622221965,NA
United Kingdom,GBR,1982-01-01,5.1887,103.25505,1.00419,150129,NA,NA,541767564290.706,9146.07735701852,NA
United Kingdom,GBR,1983-01-01,5.0615,101.98005,1.00297,214720,NA,NA,517156709716.538,8691.51881306514,NA
United Kingdom,GBR,1984-01-01,4.89906,102.45317,0.99912,228246,NA,NA,487935271880.819,8179.19444064991,NA
United Kingdom,GBR,1985-01-01,4.59409,102.94766,1.00377,267508,NA,NA,511187784137.577,8652.21654247593,NA
United Kingdom,GBR,1986-01-01,4.38084,105.30309,1.00407,196750,NA,NA,631081532834.946,10611.112210096,NA
United Kingdom,GBR,1987-01-01,4.37181,106.96206,1.00399,80531,NA,NA,775265639156.725,13118.586534629,NA
United Kingdom,GBR,1988-01-01,4.26831,107.91256,1.0032,13014,NA,NA,944121610103.166,15987.1680775688,NA
United Kingdom,GBR,1989-01-01,4.12511,107.6584,1.00461,11833,NA,NA,950037845713.351,16239.2821960944,NA
United Kingdom,GBR,1990-01-01,4.05552,107.06716,1.00432,8857,NA,0.087355319,1114076333451.7,19095.4669984608,NA
United Kingdom,GBR,1991-01-01,4.12248,105.84386,1.00676,78003,NA,0.174230922,1167664617460.32,19900.7266505069,NA
United Kingdom,GBR,1992-01-01,4.33449,104.25321,1.00153,146413,NA,0.260615159,1219354903123.9,20487.1707852878,NA
United Kingdom,GBR,1993-01-01,NA,NA,NA,NA,NA,0.519762001,1096282871475.7,18389.0195675099,NA
United Kingdom,GBR,1994-01-01,4.85083,NA,NA,NA,NA,1.036609166,1197466867156.41,19709.2380983653,NA
United Kingdom,GBR,1995-01-01,4.83926,NA,NA,NA,NA,1.895168284,1302016343537.95,23123.1777902009,NA
United Kingdom,GBR,1996-01-01,4.38693,NA,NA,NA,NA,4.123650336,1371306829329.17,24332.6977665594,NA
United Kingdom,GBR,1997-01-01,NA,NA,NA,NA,NA,7.385398957,1533488996725.61,26734.5626114537,NA
United Kingdom,GBR,1998-01-01,4.21202,100.74056,0.9989,2790,NA,13.6699831,1657460503643.59,28214.274355869,NA
United Kingdom,GBR,1999-01-01,3.99696,100.70593,1.00073,1408,NA,21.29363827,1676879145769.29,28669.539690801,NA
United Kingdom,GBR,2000-01-01,4.03119,100.3973,1.00075,1804,NA,26.82175435,1664055076410.95,28149.8700107891,NA
United Kingdom,GBR,2001-01-01,4.11923,100.29372,1.00124,2917,NA,33.48109487,1652061321433.71,27744.5064592461,NA
United Kingdom,GBR,2002-01-01,4.63887,99.89481,1.00141,8041,NA,56.48,1807501498800.96,30056.5862179301,NA
United Kingdom,GBR,2003-01-01,4.80467,100.08469,1.00178,4091,NA,64.82,2079191836734.69,34419.1479145952,NA
United Kingdom,GBR,2004-01-01,4.73879,105.97256,1.00069,26088,NA,65.61,2442074331746.61,40290.3139710116,NA
United Kingdom,GBR,2005-01-01,4.93914,106.33244,0.99901,90,NA,70,2572936363636.36,42030.2866138136,NA
United Kingdom,GBR,2006-01-01,4.98531,105.32282,1.00474,15484,NA,68.82,2716417663293.47,44599.6975685697,NA
United Kingdom,GBR,2007-01-01,4.91482,103.45207,1.00401,95024,NA,75.09,3086258503401.36,50566.8265956828,NA
United Kingdom,GBR,2008-01-01,4.89331,104.8792,0.99661,43699,NA,78.39,2895588235294.12,47286.9984928367,NA
United Kingdom,GBR,2009-01-01,5.07432,104.10147,0.99704,78095,NA,83.56,2392935036610.06,38713.1374283353,NA
United Kingdom,GBR,2010-01-01,5.70324,104.26413,0.99458,68120,NA,85,2476994995278.28,39435.8399018505,NA
United Kingdom,GBR,2011-01-01,5.59523,104.35634,0.9987,70472,NA,85.37999855,2669886193270.73,42038.5004790349,NA
United Kingdom,GBR,2012-01-01,NA,106.22143,0.99955,64029,NA,87.47999842,2676791817711.19,42462.7149069427,NA
United Kingdom,GBR,2013-01-01,5.5298,106.98184,0.99763,11885,NA,89.8441,2729205239618.35,43444.5648427389,NA
United Kingdom,GBR,2014-01-01,5.599,102.15237,0.99803,4433,NA,91.61,3001242525181.99,47417.6350484639,NA
United Kingdom,GBR,2015-01-01,5.55616,101.85664,0.99868,2978,NA,92.0003,2861593365609.71,44966.1019252665,NA
United Kingdom,GBR,2016-01-01,5.4267,101.24605,0.99828,16211,NA,94.77580063,2629567074529.95,41074.1672796521,NA
United Kingdom,GBR,2017-01-01,5.44209,101.00604,0.99713,20508,NA,94.62,2634441641460.85,40361.4173832159,NA
United Kingdom,GBR,2018-01-01,NA,100.84584,0.99711,32122,NA,94.89674176,2816805927384.43,42943.9022698053,NA
United Kingdom,GBR,2019-01-01,NA,NA,NA,NA,NA,NA,NA,NA,NA
United Kingdom,GBR,2020-01-01,NA,NA,NA,NA,NA,NA,NA,NA,NA
United States,USA,1970-01-01,NA,NA,NA,NA,NA,NA,1074359000000,5234.2966662115,NA
United States,USA,1971-01-01,NA,NA,NA,NA,NA,NA,1162926000000,5609.38259952519,NA
United States,USA,1972-01-01,NA,NA,NA,NA,NA,NA,1280507000000,6094.01798986165,NA
United States,USA,1973-01-01,NA,NA,NA,NA,NA,NA,1431848000000,6726.35895596695,NA
United States,USA,1974-01-01,NA,NA,NA,NA,NA,NA,1553300000000,7225.69135952566,NA
United States,USA,1975-01-01,NA,NA,NA,NA,NA,NA,1684554000000,7801.45666356443,NA
United States,USA,1976-01-01,NA,NA,NA,NA,NA,NA,1869603000000,8592.25353727612,NA
United States,USA,1977-01-01,NA,NA,NA,NA,NA,NA,2082670000000,9452.57651914511,NA
United States,USA,1978-01-01,NA,NA,NA,NA,NA,NA,2349856000000,10564.9482220275,NA
United States,USA,1979-01-01,NA,NA,NA,NA,NA,NA,2614202000000,11674.1863100131,NA
United States,USA,1980-01-01,NA,NA,NA,NA,NA,NA,2847055000000,12574.7915062163,NA
United States,USA,1981-01-01,NA,99.74214,1.02197,NA,NA,NA,3201886000000,13976.1097504641,NA
United States,USA,1982-01-01,NA,101.1528,1.01301,NA,NA,NA,3371448000000,14433.787727053,NA
United States,USA,1983-01-01,NA,98.78533,0.99513,NA,NA,NA,3614168000000,15543.8937174925,NA
United States,USA,1984-01-01,NA,98.34321,1.00895,NA,NA,NA,4032292000000,17121.2254849995,NA
United States,USA,1985-01-01,NA,99.04173,1.01609,NA,NA,NA,4310074000000,18236.8277265009,NA
United States,USA,1986-01-01,NA,100.56425,1.01295,NA,NA,NA,4516535000000,19071.2271949295,NA
United States,USA,1987-01-01,NA,100.94344,0.99559,NA,NA,NA,4828878000000,20038.9410992658,NA
United States,USA,1988-01-01,NA,NA,NA,NA,NA,NA,5256093000000,21417.0119305191,NA
United States,USA,1989-01-01,NA,NA,NA,NA,NA,NA,5598381000000,22857.1544330056,NA
United States,USA,1990-01-01,NA,105.72432,0.99433,NA,NA,0.784728502,5902290000000,23888.6000088133,NA
United States,USA,1991-01-01,NA,104.35638,0.98211,NA,NA,1.163193726,6096750000000,24342.2589048189,NA
United States,USA,1992-01-01,NA,NA,NA,NA,NA,1.724202539,6435469000000,25418.9907763319,NA
United States,USA,1993-01-01,NA,102.85057,0.98045,NA,NA,2.271673294,6733768000000,26387.2937338171,NA
United States,USA,1994-01-01,NA,102.60235,0.99031,NA,NA,4.862780635,7170251000000,27694.853416234,NA
United States,USA,1995-01-01,NA,103.55213,0.98964,NA,NA,9.237088297,7574691000000,28690.8757013347,NA
United States,USA,1996-01-01,NA,102.9015,0.98765,NA,NA,16.41935296,8045907000000,29967.7127181749,NA
United States,USA,1997-01-01,NA,NA,NA,NA,NA,21.61640097,8589268000000,31459.139002483,NA
United States,USA,1998-01-01,NA,103.88849,1.02558,NA,NA,30.09319659,9135464000000,32853.6769849268,NA
United States,USA,1999-01-01,NA,103.35041,1.02756,NA,NA,35.84872446,9689354000000,34513.5615037271,NA
United States,USA,2000-01-01,NA,99.92624,0.98454,NA,NA,43.07916264,10383859000000,36334.9087770589,NA
United States,USA,2001-01-01,NA,101.23981,0.99834,NA,NA,49.08083159,10743709000000,37133.2428088526,NA
United States,USA,2002-01-01,NA,100.34722,1.00919,NA,NA,58.78540388,11054325000000,38023.1611144021,NA
United States,USA,2003-01-01,NA,101.23318,1.00231,NA,NA,61.69711712,11530268000000,39496.4858751381,NA
United States,USA,2004-01-01,NA,100.99216,0.99504,NA,NA,64.75825648,12313988000000,41712.8010675545,NA
United States,USA,2005-01-01,NA,101.3106,0.98925,135557,NA,67.96805292,13169702000000,44114.7477776705,NA
United States,USA,2006-01-01,NA,102.59487,1.00756,NA,NA,68.93119327,14072966000000,46298.7314440927,NA
United States,USA,2007-01-01,NA,102.93458,0.997,NA,NA,75,14543216000000,47975.9676758856,NA
United States,USA,2008-01-01,NA,103.32269,1.00167,NA,NA,74,14684602000000,48382.5584490552,NA
United States,USA,2009-01-01,NA,102.40642,1.00373,NA,NA,71,14398708000000,47099.9804711343,NA
United States,USA,2010-01-01,NA,99.81811,0.99,575132,NA,71.69,15126736000000,48466.8233750801,NA
United States,USA,2011-01-01,NA,99.59456,1.00404,887458,NA,69.72946076,15832207000000,49883.1139837344,NA
United States,USA,2012-01-01,NA,98.38959,0.9848,672416,NA,74.7,16670651000000,51603.4972614412,NA
United States,USA,2013-01-01,4.93105,99.03338,0.99172,611514,NA,71.4,17175898000000,53106.9097703155,NA
United States,USA,2014-01-01,4.96174,99.50208,0.99664,NA,NA,73,18057489000000,55032.9579979166,NA
United States,USA,2015-01-01,NA,100.28726,0.99975,446256,NA,74.55420245,18704317000000,56803.4724334919,NA
United States,USA,2016-01-01,NA,101.27641,0.99833,88850,NA,85.54442129,19045164000000,57904.2019610641,NA
United States,USA,2017-01-01,NA,101.422,0.99234,104711,NA,87.26611282,19830277000000,59927.9298339535,NA
United States,USA,2018-01-01,NA,101.19637,0.99884,141533,NA,NA,20837347000000,62794.5856522398,NA
United States,USA,2019-01-01,NA,NA,NA,NA,NA,NA,NA,NA,NA
United States,USA,2020-01-01,NA,NA,NA,NA,NA,NA,NA,NA,NA
Spain,ESP,1970-01-01,1.83301,NA,NA,NA,NA,NA,40471021868.3147,1212.28935451199,NA
Spain,ESP,1971-01-01,1.88928,112.47155,1.03412,218522,NA,NA,46106900598.8024,1362.16551714169,NA
Spain,ESP,1972-01-01,2.06465,116.70804,1.03698,176996,NA,NA,58555488221.5894,1708.80864373509,NA
Spain,ESP,1973-01-01,NA,110.72504,1.01348,147660,NA,NA,78071718446.6019,2247.55340957691,NA
Spain,ESP,1974-01-01,1.45956,112.42206,1.0051,NA,NA,NA,96948486299.3943,2749.92463085,NA
Spain,ESP,1975-01-01,NA,113.41582,1.00799,17393,NA,NA,113934170724.638,3209.83742074469,NA
Spain,ESP,1976-01-01,1.89939,112.27542,1.00626,3029,NA,NA,117234500870.43,3279.31264308775,NA
Spain,ESP,1977-01-01,2.07717,111.18709,1.00211,27410,NA,NA,130823348302.3,3627.59063324257,NA
Spain,ESP,1978-01-01,2.23073,109.99173,0.99657,45771,NA,NA,158522927517.361,4356.43920265176,NA
Spain,ESP,1979-01-01,2.33805,109.71354,0.99849,43141,NA,NA,212392351512.147,5770.21462719531,NA
Spain,ESP,1980-01-01,NA,109.40964,1.00325,27765,NA,NA,229755263170.109,6208.5780190814,NA
Spain,ESP,1981-01-01,NA,108.80688,1.00181,27097,0.95382,NA,199125227428.365,5371.16642209158,NA
Spain,ESP,1982-01-01,NA,108.95905,0.99367,NA,NA,NA,192294673481.751,5159.70863304073,NA
Spain,ESP,1983-01-01,NA,108.89912,0.99093,13632,NA,NA,167322796751.74,4478.50028865387,NA
Spain,ESP,1984-01-01,NA,108.31341,0.98793,7966,NA,NA,168552857482.923,4489.98895204895,NA
Spain,ESP,1985-01-01,NA,108.00612,0.98892,6814,NA,NA,178339212720.157,4699.65577384675,NA
Spain,ESP,1986-01-01,NA,106.7253,0.9889,6443,NA,NA,248144330165.142,6513.50327963098,NA
Spain,ESP,1987-01-01,3.12818,106.97165,1.00066,25328,NA,NA,314786221263.981,8239.6138155813,NA
Spain,ESP,1988-01-01,3.3283,103.79517,0.98577,43349,NA,NA,370872708470.219,9703.123841794,NA
Spain,ESP,1989-01-01,3.55178,103.68712,0.98561,22973,NA,NA,410262872382.291,10681.9712029257,NA
Spain,ESP,1990-01-01,3.63359,103.60523,0.98396,22036,NA,0.012873564,530515702905.648,13804.8768037932,NA
Spain,ESP,1991-01-01,3.74235,104.88623,0.99237,9027,0.98165,0.025686194,570816810728.583,14811.9028112693,NA
Spain,ESP,1992-01-01,3.83716,103.93605,0.98604,8901,NA,0.076845453,623343892735.251,16112.1889276669,NA
Spain,ESP,1993-01-01,4.24489,105.48175,0.98181,275,NA,0.127689668,520853333769.12,13339.9085669964,NA
Spain,ESP,1994-01-01,4.48468,105.1227,0.98117,442,NA,0.280069738,519422965221.712,13415.287013608,NA
Spain,ESP,1995-01-01,4.43463,104.24426,0.98461,953,NA,0.380800728,609570970910.061,15471.962716535,NA
Spain,ESP,1996-01-01,4.45746,103.79148,0.98186,1513,NA,1.331847404,633528195455.143,16109.0843985284,NA
Spain,ESP,1997-01-01,NA,103.67499,0.98873,1676,NA,2.803319625,583087704545.455,14730.7971752046,NA
Spain,ESP,1998-01-01,4.28786,103.88888,0.99014,NA,NA,4.361892394,611311426105.357,15394.3514628249,NA
Spain,ESP,1999-01-01,4.26044,104.04403,0.9907,645,NA,7.085039678,628928190922.651,15715.3322713275,NA
Spain,ESP,2000-01-01,4.16605,104.12575,0.99301,3988,NA,13.62496081,592609176340.52,14713.0657111519,NA
Spain,ESP,2001-01-01,4.11127,103.62152,0.9925,3369,NA,18.14872269,618604921700.224,15355.7031663439,NA
Spain,ESP,2002-01-01,4.13457,103.12876,0.99121,2255,NA,20.39,697404479578.393,17025.5319828692,NA
Spain,ESP,2003-01-01,4.17343,102.8675,0.98959,266,NA,39.93,898060948081.264,21463.4426577449,NA
Spain,ESP,2004-01-01,4.15786,103.11266,0.99001,962,0.99401,44.01,1057144276136.08,24861.2827964413,NA
Spain,ESP,2005-01-01,4.14432,102.34935,0.98672,3381,0.99111,47.88,1137362268374.58,26419.2968638221,NA
Spain,ESP,2006-01-01,4.18482,102.962,0.98581,3886,0.9971,50.37,1236053192823.99,28365.3134896346,NA
Spain,ESP,2007-01-01,4.25405,103.54627,0.98875,1437,0.99674,55.11,1436006022447.3,32549.9709785513,NA
Spain,ESP,2008-01-01,4.52806,104.15628,0.99066,234,0.99802,59.6,1580109857917.09,35366.2596011983,NA
Spain,ESP,2009-01-01,4.912,104.13446,0.99158,1370,0.99706,62.4,1457139483189.77,32042.4740786617,NA
Spain,ESP,2010-01-01,4.85608,103.57508,0.99253,1785,0.99738,65.8,1400015982113.65,30502.7197080776,NA
Spain,ESP,2011-01-01,4.89692,104.14684,0.99241,1223,0.99699,67.08999939,1452677233893.91,31636.4463142558,NA
Spain,ESP,2012-01-01,4.46934,104.90096,0.99375,3127,0.99821,69.80999994,1314223832938.1,28324.4293363918,NA
Spain,ESP,2013-01-01,4.35102,108.81614,1.01124,6223,0.99826,71.635,1345710208981.47,29059.5479522321,NA
Spain,ESP,2014-01-01,4.30338,107.87827,1.01324,7383,0.99849,76.19,1364378484123.79,29461.5503337389,NA
Spain,ESP,2015-01-01,4.28657,107.20858,1.01552,9277,0.99868,78.6896,1194850875811.09,25732.0183647454,NA
Spain,ESP,2016-01-01,4.22764,105.09839,1.01657,27756,0.9986,80.56133294,1235120146859.29,26505.6243284919,NA
Spain,ESP,2017-01-01,4.20774,103.58476,1.01662,74969,NA,84.6022428,1309006508679.94,28100.8522848303,NA
Spain,ESP,2018-01-01,NA,102.70377,1.01366,91786,0.99958,86.10723553,1422230150395.69,30370.8923252247,NA
Spain,ESP,2019-01-01,NA,NA,NA,NA,NA,NA,NA,NA,NA
Spain,ESP,2020-01-01,NA,NA,NA,NA,NA,NA,NA,NA,NA
South Africa,ZAF,1970-01-01,NA,99.43875,0.98904,1289653,NA,NA,17754792905.1847,834.552767550078,NA
South Africa,ZAF,1971-01-01,NA,NA,NA,NA,NA,NA,19677946199.0171,897.129856305489,NA
South Africa,ZAF,1972-01-01,NA,NA,NA,NA,NA,NA,20654974276.5256,917.356209419696,NA
South Africa,ZAF,1973-01-01,NA,NA,NA,NA,NA,NA,28370548143.4608,1225.08900721551,NA
South Africa,ZAF,1974-01-01,NA,NA,NA,NA,NA,NA,35558230628.9222,1499.14106806266,NA
South Africa,ZAF,1975-01-01,NA,NA,NA,NA,NA,NA,36575681331.6465,1512.77078488392,NA
South Africa,ZAF,1976-01-01,NA,NA,NA,NA,NA,NA,35101449969.477,1416.7089305868,NA
South Africa,ZAF,1977-01-01,NA,NA,NA,NA,NA,NA,38913699966.162,1535.11889732242,NA
South Africa,ZAF,1978-01-01,NA,NA,NA,NA,NA,NA,44786749961.055,1722.22669358824,NA
South Africa,ZAF,1979-01-01,NA,NA,NA,NA,NA,NA,55306116359.5678,2071.55130338222,NA
South Africa,ZAF,1980-01-01,NA,NA,NA,NA,0.95705,NA,79654998275.9824,2905.8078450859,NA
South Africa,ZAF,1981-01-01,NA,NA,NA,NA,NA,NA,81875255317.9722,2913.24175639043,NA
South Africa,ZAF,1982-01-01,NA,NA,NA,NA,NA,NA,75295457580.3516,2601.05786126575,NA
South Africa,ZAF,1983-01-01,NA,NA,NA,NA,NA,NA,84058881627.3357,2820.43408158049,NA
South Africa,ZAF,1984-01-01,NA,NA,NA,NA,NA,NA,74350757751.3978,2429.02711884123,NA
South Africa,ZAF,1985-01-01,NA,NA,NA,NA,NA,NA,56512053140.5275,1807.97657847956,NA
South Africa,ZAF,1986-01-01,NA,79.84838,0.99216,NA,NA,NA,64575910333.6177,2015.8137477876,NA
South Africa,ZAF,1987-01-01,5.16433,80.90887,0.9914,NA,NA,NA,85456852376.3528,2582.4946714901,NA
South Africa,ZAF,1988-01-01,5.29059,80.83798,0.99127,NA,NA,NA,92004394168.8192,2711.5149914789,NA
South Africa,ZAF,1989-01-01,4.85255,105.42968,1.00327,NA,NA,NA,95661399466.7663,2756.21260824164,NA
South Africa,ZAF,1990-01-01,5.12579,104.93238,1.0024,NA,NA,0,111285000410.657,3139.96605414997,NA
South Africa,ZAF,1991-01-01,5.73735,105.64761,1.00082,879766,NA,0.013283591,120734505118.033,3285.9546502863,NA
South Africa,ZAF,1992-01-01,NA,NA,NA,NA,NA,0.038869106,131598925554.659,3479.06628319063,NA
South Africa,ZAF,1993-01-01,5.88602,NA,NA,NA,NA,0.113747184,131645660781.163,3388.72930297559,NA
South Africa,ZAF,1994-01-01,5.80609,108.1698,0.97774,792993,NA,0.246905533,137330806827.948,3445.23006804634,NA
South Africa,ZAF,1995-01-01,NA,110.41032,0.99151,755068,NA,0.676740104,152586443383.599,3751.8543280995,NA
South Africa,ZAF,1996-01-01,5.57575,NA,NA,NA,0.96042,0.841882931,144494893510.045,3494.38356656924,NA
South Africa,ZAF,1997-01-01,NA,107.86935,0.9824,NA,NA,1.632093791,149366259918.973,3549.57981510426,NA
South Africa,ZAF,1998-01-01,NA,106.51483,0.98261,730746,NA,2.906220867,134611387107.603,3154.02077660523,NA
South Africa,ZAF,1999-01-01,5.87523,105.96301,0.97918,641448,NA,4.116249583,133424030206.587,3081.56992674868,NA
South Africa,ZAF,2000-01-01,5.44358,99.34681,0.95895,723573,NA,5.348559732,133187732549.58,3032.42713820462,NA
South Africa,ZAF,2001-01-01,5.15948,100.49727,0.97136,652929,NA,6.346619318,117777261534.173,2666.47490998748,NA
South Africa,ZAF,2002-01-01,5.06622,102.56027,0.97348,563106,NA,6.710322437,112693179769.845,2502.27700465337,NA
South Africa,ZAF,2003-01-01,4.86485,103.83323,0.97046,459597,NA,7.007691726,170645630362.076,3751.2828130871,NA
South Africa,ZAF,2004-01-01,5.06891,104.60366,0.96623,396784,NA,8.4251186830000009,224278681672.523,4833.62751660714,NA
South Africa,ZAF,2005-01-01,5.0632,104.11424,0.96623,380577,NA,7.48854253,252831129212.335,5383.65654250984,NA
South Africa,ZAF,2006-01-01,5.07257,104.34225,0.96499,NA,NA,7.607139675,266502990474.784,5602.01104380458,NA
South Africa,ZAF,2007-01-01,4.97414,106.34689,0.96964,NA,0.97202,8.065375174,289647713401.652,6095.62243887023,NA
South Africa,ZAF,2008-01-01,4.866,105.83941,0.96933,NA,NA,8.43,277827797414.419,5760.80528723832,NA
South Africa,ZAF,2009-01-01,5.24869,104.46989,0.96566,NA,0.98258,10,289309038554.587,5862.79734021167,NA
South Africa,ZAF,2010-01-01,5.72174,102.66989,0.96171,NA,0.98451,24,367345427102.114,7328.61562893966,NA
South Africa,ZAF,2011-01-01,NA,101.26646,0.95955,NA,0.98740000000000006,33.97,405768835686.053,8007.41284634441,NA
South Africa,ZAF,2012-01-01,NA,101.00954,0.95824,NA,0.9846,41,385572905881.923,7501.4699839525,NA
South Africa,ZAF,2013-01-01,NA,100.44002,0.95783,NA,NA,46.5,357214254626.847,6832.45689096701,NA
South Africa,ZAF,2014-01-01,NA,100.65726,0.96124,NA,0.98957,49,341540887462.654,6433.18727662894,NA
South Africa,ZAF,2015-01-01,5.95619,101.9005,0.93338,311658,0.99173,51.91911572,309749111813.469,5734.63362915331,NA
South Africa,ZAF,2016-01-01,5.94285,101.4936,0.96804,NA,NA,54,288167015664.092,5272.91842475419,NA
South Africa,ZAF,2017-01-01,6.11306,99.1387,0.96667,567591,0.9961,56.16739447,339070750925.794,6132.4798409721,NA
South Africa,ZAF,2018-01-01,6.15899,96.59,0.96159,845478,NA,NA,356648758113.632,6374.02819575944,NA
South Africa,ZAF,2019-01-01,6.50505,NA,NA,NA,NA,NA,NA,NA,NA
South Africa,ZAF,2020-01-01,NA,NA,NA,NA,NA,NA,NA,NA,NA
India,IND,1970-01-01,NA,NA,NA,NA,NA,NA,62043816387.8507,112.434493490322,NA
India,IND,1971-01-01,NA,60.93055,0.64253,28305499,NA,NA,66959943084.3313,118.603242102118,NA
India,IND,1972-01-01,NA,61.65603,0.64496,NA,NA,NA,71072538512.5786,122.981863898262,NA
India,IND,1973-01-01,NA,64.6029,0.65334,NA,NA,NA,85101941339.3056,143.778688096538,NA
India,IND,1974-01-01,NA,64.18544,0.65409,NA,NA,NA,99161036284.1391,163.478111157501,NA
India,IND,1975-01-01,NA,64.99838,0.65614,NA,NA,NA,98178114597.9603,158.036171764282,NA
India,IND,1976-01-01,NA,65.1925,0.66122,NA,NA,NA,102456488498.428,161.092091731697,NA
India,IND,1977-01-01,NA,67.39325,0.66342,NA,NA,NA,121215205685.977,186.213501325277,NA
India,IND,1978-01-01,NA,63.71403,0.65216,NA,NA,NA,137110195139.872,205.693386086224,NA
India,IND,1979-01-01,NA,64.30547,0.66486,NA,NA,NA,153181094632.843,224.001016839808,NA
India,IND,1980-01-01,NA,65.61253,0.66859,NA,NA,NA,186762452326.729,266.577848118397,NA
India,IND,1981-01-01,NA,67.28797,0.67563,NA,0.40482,NA,193535405875.045,270.470602438399,NA
India,IND,1982-01-01,NA,67.80452,0.67563,NA,NA,NA,200056669825.258,274.111331421581,NA
India,IND,1983-01-01,NA,69.8634,0.68411,NA,NA,NA,217346843963.138,291.238110137317,NA
India,IND,1984-01-01,NA,71.38266,0.68808,NA,NA,NA,210960266670.706,276.667958643143,NA
India,IND,1985-01-01,NA,72.23265,0.70442,NA,NA,NA,231344146134.325,296.435151551022,NA
India,IND,1986-01-01,NA,75.38278,0.72702,NA,NA,NA,247574348949.764,310.465935085896,NA
India,IND,1987-01-01,NA,74.42185,0.74154,NA,NA,NA,277014075282.35,340.41683161231,NA
India,IND,1988-01-01,NA,75.91306,0.74832,NA,NA,NA,293483314650.144,354.149251617083,NA
India,IND,1989-01-01,NA,77.50959,0.73394,NA,NA,NA,292602874479.116,346.112887271625,NA
India,IND,1990-01-01,NA,77.74122,0.74746,24350653,NA,0,316775332517.636,367.556609311203,NA
India,IND,1991-01-01,NA,78.98611,0.77237,NA,0.49333,NA,265995400854.861,303.05560534270103,NA
India,IND,1992-01-01,NA,79.93688,0.7844,NA,NA,1.11308e-4,283799332762.87,316.953927895311,NA
India,IND,1993-01-01,NA,83.30173,0.81624,NA,NA,2.18176e-4,275444510280.797,301.159004220577,NA
India,IND,1994-01-01,NA,84.86303,0.82579,NA,NA,0.001069562,323108717813.725,346.102950322606,NA
India,IND,1995-01-01,NA,84.71991,0.82758,NA,NA,0.026228879,356252331233.451,373.766480007829,NA
India,IND,1996-01-01,NA,85.19561,0.83774,NA,NA,0.046333977,389212066967.505,399.950076763934,NA
India,IND,1997-01-01,3.36136,85.34358,0.8461,NA,NA,0.070767849,412314039081.443,415.493796981777,NA
India,IND,1998-01-01,3.57256,84.15724,0.8513,NA,NA,0.139027329,417792938008.473,413.298934242221,NA
India,IND,1999-01-01,4.41539,84.89983,0.85348,NA,NA,0.273224277,455259488556.383,441.998759593395,NA
India,IND,2000-01-01,4.32479,86.76234,0.85883,19457444,NA,0.52753245,463418960201.815,443.31419339174,NA
India,IND,2001-01-01,NA,87.15018,0.8684,19595255,0.60153,0.660146377,481233322101.917,451.573001074356,NA
India,IND,2002-01-01,NA,88.68851,0.88545,19909725,NA,1.537875582,511490036313.605,470.98678594916,NA
India,IND,2003-01-01,3.61341,101.92667,0.98615,14109172,NA,1.686489971,603192892963.386,546.726614478728,NA
India,IND,2004-01-01,3.35254,NA,NA,NA,NA,1.976136492,704168745465.35,627.774247283919,NA
India,IND,2005-01-01,3.18875,NA,NA,NA,NA,2.388075,814482820622.222,714.861013495661,NA
India,IND,2006-01-01,3.14285,NA,NA,NA,0.61154,2.805499865,932915277249.472,806.753280628799,NA
India,IND,2007-01-01,NA,109.61158,0.993,4019535,NA,3.95,1211640646849.16,1028.33477107667,NA
India,IND,2008-01-01,NA,111.85216,1.01991,3974854,NA,4.38,1191737412305.19,998.522339019268,NA
India,IND,2009-01-01,3.27825,111.28928,1.03223,5641942,NA,5.12,1333877109441.3,1101.96084002239,NA
India,IND,2010-01-01,3.37769,110.69512,1.02797,4922041,NA,7.5,1657660320258.9,1357.56371913262,NA
India,IND,2011-01-01,3.79618,110.31036,1.03525,5445603,0.70607,10.07,1807019187629.77,1458.10352686177,NA
India,IND,2012-01-01,3.8675,111.97443,1.03883,3838679,NA,12.58006091,1806177662220.11,1443.87952939042,NA
India,IND,2013-01-01,3.84467,117.12038,1.11811,2887748,NA,15.1,1833601556952.76,1449.6059123387,NA
India,IND,2014-01-01,NA,114.01876,1.11393,NA,NA,21,2015015376660.84,1573.88149211052,NA
India,IND,2015-01-01,NA,114.78057,1.11618,NA,NA,17,2079182325742.91,1605.60543109026,NA
India,IND,2016-01-01,NA,123.55514,1.16104,NA,NA,22,2264131959531.55,1729.26802051544,NA
India,IND,2017-01-01,NA,121.12737,1.14725,NA,NA,34.45,2623569704360.72,1981.26870609561,NA
India,IND,2018-01-01,NA,NA,NA,NA,0.76452,NA,2691040859289.3,2009.97885727039,NA
India,IND,2019-01-01,NA,97.81434,1.01958,NA,NA,NA,NA,NA,NA
India,IND,2020-01-01,NA,NA,NA,NA,NA,NA,NA,NA,NA
